Fold,Algorithm,Classifier,Dataset,TransferFunction,BestFitness,Time,Accuracy,Error,Sensitivity,Recall,Specificity,Precision,F1,MCC,ROC_AUC,ConfusionMatrix,ConfusionMatrix_Flat,ConfusionMatrix_Shape,NumFeatures
1,bLRRIME-XGBOOST,xgboost,PulmonaryHypertension,v1,0.002020,17.697275,1.000000,0.000000,1.000000,1.000000,1.000000,1.000000,1.000000,1.000000,1.000000,"[[7,0],
 [0,8]]","[7, 0, 0, 8]","(2, 2)",4
2,bLRRIME-XGBOOST,xgboost,PulmonaryHypertension,v1,0.001010,15.939712,1.000000,0.000000,1.000000,1.000000,1.000000,1.000000,1.000000,1.000000,1.000000,"[[7,0],
 [0,7]]","[7, 0, 0, 7]","(2, 2)",2
3,bLRRIME-XGBOOST,xgboost,PulmonaryHypertension,v1,0.001515,15.956258,1.000000,0.000000,1.000000,1.000000,1.000000,1.000000,1.000000,1.000000,1.000000,"[[7,0],
 [0,7]]","[7, 0, 0, 7]","(2, 2)",3
4,bLRRIME-XGBOOST,xgboost,PulmonaryHypertension,v1,0.003030,17.221702,1.000000,0.000000,1.000000,1.000000,1.000000,1.000000,1.000000,1.000000,1.000000,"[[7,0],
 [0,7]]","[7, 0, 0, 7]","(2, 2)",6
5,bLRRIME-XGBOOST,xgboost,PulmonaryHypertension,v1,0.068867,14.953385,0.928571,0.071429,1.000000,1.000000,0.857143,0.875000,0.933333,0.866025,0.918367,"[[6,1],
 [0,7]]","[6, 1, 0, 7]","(2, 2)",2
6,bLRRIME-XGBOOST,xgboost,PulmonaryHypertension,v1,0.070382,17.521718,0.928571,0.071429,1.000000,1.000000,0.857143,0.875000,0.933333,0.866025,0.918367,"[[6,1],
 [0,7]]","[6, 1, 0, 7]","(2, 2)",5
7,bLRRIME-XGBOOST,xgboost,PulmonaryHypertension,v1,0.069372,16.673319,0.928571,0.071429,0.857143,0.857143,1.000000,1.000000,0.923077,0.866025,0.959184,"[[7,0],
 [1,6]]","[7, 0, 1, 6]","(2, 2)",3
8,bLRRIME-XGBOOST,xgboost,PulmonaryHypertension,v1,0.072908,19.695764,0.928571,0.071429,0.857143,0.857143,1.000000,1.000000,0.923077,0.866025,0.857143,"[[7,0],
 [1,6]]","[7, 0, 1, 6]","(2, 2)",10
9,bLRRIME-XGBOOST,xgboost,PulmonaryHypertension,v1,0.137734,14.706010,0.857143,0.142857,1.000000,1.000000,0.714286,0.777778,0.875000,0.745356,0.836735,"[[5,2],
 [0,7]]","[5, 2, 0, 7]","(2, 2)",4
10,bLRRIME-XGBOOST,xgboost,PulmonaryHypertension,v1,0.001515,14.341305,1.000000,0.000000,1.000000,1.000000,1.000000,1.000000,1.000000,1.000000,1.000000,"[[6,0],
 [0,8]]","[6, 0, 0, 8]","(2, 2)",3
