,,Accuracy,Accuracy,Accuracy,Accuracy,F1,F1,NumFeatures,NumFeatures
,,mean,std,min,max,mean,std,mean,std
Algorithm,Classifier,,,,,,,,
bLRRIME-CART,cart,0.9120476190476191,0.08345989152955403,0.6428571428571429,1.0,0.9135140103274779,0.0833521276993153,3.99,2.3289786203701857
bLRRIME-KNN,knn,0.9361428571428572,0.060123844335952116,0.7857142857142857,1.0,0.9382407706672413,0.05914725533511679,3.03,1.5205992970609392
bLRRIME-MLP,mlp,0.875,0.0817740463911695,0.6428571428571429,1.0,0.8755826102002573,0.07993578081705949,5.33,6.5951543276909455
bLRRIME-RF,rf,0.8956666666666666,0.06802065899871576,0.7142857142857143,1.0,0.8962269266681031,0.06749495190015234,2.35,0.8087276451565163
bLRRIME-SVM,svm,0.8857619047619048,0.07199389879756372,0.7142857142857143,1.0,0.8852726603461898,0.07405463396224245,2.3,1.039619199903542
bLRRIME-XGBOOST,xgboost,0.9617142857142857,0.044392465997708484,0.8571428571428571,1.0,0.9625499533146592,0.04414522971751264,3.09,1.3565776904781497
