Algorithm,s1,s2,s3,s4,v1,v2,v3,v4
bLRRIME-KNN,0.855904761904762,0.8630476190476191,0.8666666666666667,0.8630952380952381,0.9388571428571428,0.9381428571428572,0.9353809523809524,0.9306190476190476
